frame,x,y,visible
0,0,0,False
1,402,817,True
2,399,822,True
3,374,779,True
4,344,740,True
5,646,674,True
6,968,652,True
7,1286,630,True
8,1276,635,True
9,988,702,True
10,998,702,True
11,1003,702,True
12,1290,639,True
13,1295,640,True
14,1300,642,True
15,981,714,True
16,651,776,True
17,294,800,True
18,667,716,True
19,586,512,True
20,585,524,True
21,177,569,True
22,611,707,True
23,628,725,True
24,627,716,True
25,237,744,True
26,609,684,True
27,1004,654,True
28,994,665,True
29,612,741,True
30,204,785,True
31,199,786,True
32,169,754,False
33,577,703,True
34,573,711,True
35,571,720,True
36,160,779,True
37,156,777,True
38,152,775,False
39,152,775,False
40,152,775,False
41,152,775,False
42,152,775,False
43,120,588,True
44,86,400,True
45,52,212,True
46,50,213,True
47,49,214,True
48,81,403,True
49,149,780,False
50,117,594,True
51,560,729,True
52,565,732,True
53,974,676,True
54,1382,622,False
55,527,544,True
56,535,540,True
57,86,407,True
58,536,540,True
59,1386,619,False
60,1386,619,False
61,481,355,True
62,478,355,True
63,24,223,False
64,26,233,True
65,27,243,True
66,28,254,False
67,28,254,False
68,28,254,False
69,28,254,False
70,491,382,True
71,953,511,True
72,1409,637,True
73,1408,639,True
74,1405,642,True
75,1404,649,False
76,1004,678,True
77,598,708,True
78,195,737,True
79,626,731,True
80,1061,727,True
81,1499,725,True
82,1509,729,True
83,1128,785,True
84,744,840,True
85,747,841,True
86,750,840,True
87,1139,785,True
88,755,836,True
89,1138,783,True
90,1132,782,True
91,1507,725,True
92,1498,718,True
93,1489,710,False
94,1489,710,False
95,1489,710,False
96,1489,710,False
97,998,555,True
98,502,398,True
99,10,243,True
100,12,244,True
101,11,240,True
102,8,234,False
103,8,234,False
104,8,234,False
105,8,234,False
106,8,234,False
107,8,234,False
108,8,234,False
109,495,394,True
110,979,550,True
111,1466,713,True
112,1472,717,True
113,1477,722,True
114,1482,723,True
115,1483,723,True
116,996,563,True
117,513,405,True
118,88,205,True
119,209,120,False
120,575,363,True
121,1057,518,True
122,1480,716,True
123,1477,714,True
124,1474,711,True
125,1470,709,True
126,1467,707,True
127,1311,499,True
128,892,511,True
129,474,528,True
130,213,751,True
131,217,757,False
132,216,764,True
133,219,773,True
134,221,559,True
135,223,115,False
136,225,562,True
137,233,791,False
138,257,590,True
139,271,813,True
140,264,785,False
141,287,812,True
142,673,758,True
143,1079,732,True
144,1123,762,True
145,739,808,True
146,357,857,True
147,680,821,True
148,789,777,True
149,890,738,True
150,637,735,True
151,914,733,True
152,858,811,True
153,809,879,True
154,505,943,True
155,571,894,False
156,571,894,False
157,571,894,False
158,484,895,True
159,406,823,False
160,438,828,True
161,356,786,True
162,324,767,True
163,345,783,True
164,401,816,False
165,368,801,True
166,395,823,False
167,419,869,True
168,441,919,True
169,465,947,True
170,467,907,False
171,445,883,True
172,455,865,True
173,326,636,True
174,78,221,False
175,78,221,False
176,78,221,False
177,78,221,False
178,78,221,False
179,362,648,True
180,682,554,True
181,823,761,True
182,827,770,True
183,519,801,True
184,547,804,True
185,566,809,True
186,569,795,True
187,855,711,True
188,856,652,True
189,1153,622,True
190,1149,614,True
191,1162,648,True
192,902,703,True
193,641,754,True
194,639,696,True
195,616,604,False
196,633,639,True
197,633,588,True
198,648,577,False
199,648,577,False
200,839,448,True
201,1235,183,False
202,1235,183,False
203,1235,183,False
204,1235,183,False
205,1235,183,False
206,1063,299,True
207,1307,139,False
208,1307,139,False
209,1288,295,True
210,1315,424,True
211,1315,568,True
212,1305,570,True
213,1296,572,False
214,1296,572,False
215,1281,558,True
216,1242,531,False
217,1242,531,False
218,1254,595,True
219,1226,568,True
220,1220,577,True
221,1218,534,True
222,839,435,True
223,77,196,False
224,843,428,True
225,848,416,True
226,1199,546,True
227,1195,534,True
228,1187,525,True
229,1208,487,True
230,1195,475,True
231,1185,461,True
232,1179,448,True
233,1175,434,True
234,1172,421,True
235,1170,408,True
236,1169,395,False
237,1148,403,True
238,1106,407,False
239,1106,407,False
240,1106,407,False
241,1106,407,False
242,1106,407,False
243,796,341,True
244,798,313,True
245,812,276,True
246,1150,296,False
247,1150,296,False
248,1150,296,False
249,1150,296,False
250,1150,296,False
251,1150,296,False
252,1150,296,False
253,1150,296,False
254,1150,296,False
255,1021,406,True
256,1034,384,True
257,1056,365,True
258,1215,239,True
259,1219,236,False
260,1219,236,False
261,1219,236,False
262,1219,236,False
263,1219,236,False
264,1219,236,False
265,1221,233,True
266,1112,318,True
267,1126,336,True
268,1137,360,True
269,1266,289,True
270,1267,288,True
271,1273,285,True
272,1275,284,True
273,1285,286,True
274,1288,285,True
275,1292,282,True
276,1293,277,True
277,1292,275,True
278,1292,275,True
279,1290,275,True
280,911,250,True
281,152,201,False
282,152,201,False
283,912,251,True
284,912,253,True
285,1293,281,False
286,1293,281,False
287,1293,281,False
288,1295,280,True
289,918,253,True
290,926,255,True
291,934,258,True
292,1322,289,True
293,1316,288,True
294,1301,284,False
295,1301,284,False
296,1301,284,False
297,1301,284,False
298,1317,290,True
299,1316,291,True
300,1323,294,True
301,1321,294,True
302,1319,294,False
303,1319,294,False
304,1319,294,False
305,1319,294,False
306,1319,294,False
307,1319,294,False
308,1319,294,False
309,1319,294,False
310,1070,201,True
311,572,14,False
312,821,105,True
313,571,8,True
314,645,152,True
315,718,299,True
316,968,403,True
317,973,463,True
318,979,524,True
319,806,631,True
320,980,531,True
321,1158,431,True
322,1339,329,True
323,1344,331,False
324,1344,331,False
325,1343,330,True
326,1344,331,True
327,1341,331,True
328,1338,333,True
329,1337,334,False
330,1337,334,False
331,1337,334,False
332,1337,334,False
333,1502,244,True
334,1835,66,False
335,1835,66,False
336,1835,66,False
337,1835,66,False
338,1835,66,False
339,1835,66,False
340,1835,66,False
341,1835,66,False
342,1269,318,True
343,1055,442,True
344,670,659,True
345,680,715,True
346,668,722,True
347,883,615,True
348,876,622,True
349,869,628,True
350,871,630,True
351,1102,515,True
352,1336,399,True
353,1339,398,True
354,1342,397,True
355,1345,396,True
356,1349,397,True
357,1352,399,True
358,1354,402,True
359,1353,406,True
360,1351,410,True
361,1113,527,True
362,681,495,True
363,248,461,True
364,52,312,True
365,312,261,True
366,474,368,True
367,539,634,False
368,539,634,False
369,539,634,False
370,731,326,True
371,821,184,False
372,821,184,False
373,821,184,False
374,821,184,False
375,653,546,True
376,678,578,True
377,613,731,False
378,613,731,False
379,595,803,True
380,582,818,True
381,562,865,True
382,554,873,True
383,548,879,True
384,544,884,False
385,810,754,True
386,704,522,True
387,602,288,True
388,236,182,False
389,236,182,False
390,236,182,False
391,604,292,True
392,1345,512,False
393,1345,512,False
394,1345,512,False
395,975,405,True
396,1344,519,True
397,1343,525,True
398,1340,530,True
399,1056,655,True
400,770,778,True
401,486,903,True
402,766,785,True
403,767,789,True
404,1044,669,True
405,1048,671,True
406,1335,551,True
407,1347,553,True
408,1353,555,True
409,1372,591,True
410,1192,460,True
411,1192,467,True
412,1359,581,False
413,1198,485,True
414,1419,714,False
415,1399,671,True
416,1419,720,False
417,1419,720,False
418,1438,694,True
419,1461,670,True
420,1487,642,False
421,1494,654,True
422,1512,665,True
423,1531,688,True
424,1541,701,True
425,1549,714,True
426,1554,722,True
427,1558,733,True
428,1560,740,True
429,1555,743,True
430,1550,743,True
431,1546,741,True
432,1546,739,True
433,1544,737,True
434,1542,740,True
435,1541,742,True
436,1542,742,True
437,1544,736,True
438,1545,731,True
439,1160,742,True
440,388,772,False
441,774,757,True
442,389,770,False
443,389,770,False
444,418,812,True
445,794,786,True
446,1170,761,True
447,1170,760,True
448,1173,764,True
449,1177,769,True
450,1530,711,False
451,1530,711,False
452,1504,748,True
453,1458,829,False
454,1458,829,False
455,1458,829,False
456,1458,829,False
457,1458,829,False
458,1458,829,False
459,1458,829,False
460,1458,829,False
461,1458,829,False
462,1458,829,False
463,1458,829,False
464,1123,753,True
465,744,756,True
466,391,720,False
467,391,720,False
468,391,720,False
469,427,760,True
470,589,554,True
471,753,347,True
472,758,342,True
473,643,582,True
474,490,774,True
475,424,677,False
476,424,677,False
477,638,528,True
478,786,283,True
479,1155,295,True
480,1349,502,True
481,1570,711,True
482,1547,751,True
483,1576,752,True
484,1579,749,True
485,1610,729,True
486,1553,775,False
487,1592,750,True
488,1613,772,True
489,1667,778,True
490,1714,791,True
491,1721,806,True
492,1727,815,True
493,1730,819,True
494,1730,821,False
495,1730,821,False
496,1743,795,True
497,1750,763,True
498,1775,727,True
499,1770,720,True
500,1786,730,True
501,1788,745,True
502,1765,789,True
503,1769,792,True
504,1771,798,True
505,1780,815,True
506,1746,865,True
507,1714,911,True
508,1735,866,True
509,1574,595,True
510,1597,571,True
511,1618,566,True
512,1819,786,True
513,1826,800,True
514,1819,846,True
515,1813,894,False
516,1813,894,False
517,1813,894,False
518,1813,888,True
519,1815,888,True
520,1813,886,False
521,1813,886,False
522,1814,865,True
523,1779,872,True
524,1747,882,True
525,1715,910,True
526,1715,910,True
527,1712,907,True
528,1725,863,True
529,1737,818,True
530,1755,772,True
531,1750,765,True
532,1771,768,True
533,1791,767,True
534,1812,778,True
535,1809,776,True
536,1801,783,True
537,1797,783,True
538,1793,782,True
539,1770,776,True
540,1748,770,True
541,1722,770,False
542,1722,770,False
543,1722,770,False
544,1722,770,False
545,1722,770,False
546,1722,770,False
547,1741,765,True
548,1773,758,False
549,1773,758,False
550,1753,750,True
551,1756,764,True
552,1742,780,True
553,1730,807,True
554,1725,807,True
555,1719,805,True
556,1712,802,True
557,1721,768,True
558,1743,706,False
559,1743,706,False
560,1743,706,False
561,1743,706,False
562,1697,746,True
563,1676,725,True
564,1641,732,True
565,1639,730,True
566,1635,726,True
567,1631,722,True
568,1627,716,True
569,1624,710,True
570,1620,705,True
571,1616,701,True
572,1611,697,True
573,1613,724,True
574,1610,725,True
575,1611,750,True
576,1601,726,True
577,1592,705,False
578,1592,705,False
579,1592,705,False
580,1592,705,False
581,1592,705,False
582,1592,705,False
583,1368,532,True
584,905,119,False
585,905,119,False
586,905,119,False
587,905,119,False
588,905,119,False
589,1140,313,True
590,924,117,False
591,924,117,False
592,924,117,False
593,924,117,False
594,924,117,False
595,924,117,False
596,924,117,False
597,924,117,False
598,1113,319,True
599,1314,519,True
600,1507,717,True
601,1502,712,True
602,1497,706,True
603,1493,704,True
604,1488,698,True
605,1482,692,True
606,1477,684,True
607,1476,680,True
608,1481,681,True
609,1490,685,True
610,1495,690,True
611,1493,688,True
612,1488,686,True
613,1487,687,False
614,1487,687,False
615,1144,693,True
616,967,501,True
617,989,521,True
618,1352,533,True
619,1553,749,True
620,1530,766,True
621,1537,774,True
622,1546,784,True
623,1577,778,True
624,1555,792,True
625,1553,794,True
626,1551,795,True
627,1570,785,False
628,1568,783,True
629,1564,782,True
630,1560,782,False
631,1560,782,False
632,1560,782,False
633,1651,547,True
634,1831,80,False
635,1831,80,False
636,1831,80,False
637,1831,80,False
638,1831,80,False
639,1831,80,False
640,1214,346,True
641,777,145,True
642,249,178,False
643,248,178,True
644,245,178,True
645,366,389,True
646,813,595,True
647,1262,805,True
648,1587,804,True
649,1589,809,True
650,1589,810,True
651,1591,814,False
652,1591,814,False
653,1591,814,False
654,1591,814,False
655,1591,814,False
656,1128,604,True
657,204,188,False
658,1210,355,True
659,1837,64,False
660,1837,64,False
661,1837,64,False
662,1837,64,False
663,993,145,True
664,1237,143,True
665,935,183,True
666,930,184,False
667,930,184,False
668,930,184,False
669,930,184,False
670,925,182,True
671,910,180,False
672,910,180,False
673,910,180,False
674,910,180,False
675,912,180,True
676,899,178,True
677,889,178,True
678,882,179,True
679,876,179,True
680,871,179,True
681,867,179,True
682,862,179,True
683,858,178,True
684,854,177,True
685,1109,382,True
686,1623,794,False
687,1623,794,False
688,1623,794,False
689,1623,794,False
690,1623,794,False
691,1623,794,False
692,1623,794,False
693,1623,794,False
694,1623,794,False
695,1623,794,False
696,1623,794,False
697,1623,794,False
698,1623,794,False
699,1623,794,False
700,1623,794,False
701,1623,794,False
702,1623,794,False
703,1623,794,False
704,1130,356,True
705,1361,539,True
706,1332,515,True
707,1542,723,True
708,1542,723,True
709,1542,724,True
710,1538,723,True
711,1507,763,True
712,1480,803,True
713,1475,808,True
714,1494,770,True
715,1513,735,True
716,1534,730,True
717,1529,729,True
718,1524,725,True
719,1500,721,True
720,1510,717,True
721,1522,713,True
722,1531,710,True
723,1539,697,True
724,1549,705,True
725,1561,698,True
726,1571,707,True
727,1579,697,True
728,1586,707,True
729,1593,712,True
730,1072,563,True
731,1087,569,True
732,1080,595,True
733,1613,770,True
734,1608,792,True
735,1618,795,True
736,1608,801,True
737,1600,800,True
738,1590,795,True
739,1546,802,True
740,1522,786,True
741,1489,751,True
742,1492,698,True
743,1473,665,False
744,1453,647,True
745,1443,632,True
746,1405,598,True
747,1409,621,True
748,1374,596,True
749,1394,678,True
750,1363,652,True
751,1361,657,True
752,1331,582,True
753,1331,584,True
754,1083,666,True
755,835,747,True
756,854,820,True
757,1119,777,True
758,1113,771,True
759,1114,754,True
760,1114,767,True
761,1385,738,True
762,1389,720,True
763,1385,662,True
764,1380,609,True
765,1352,600,True
766,1327,634,True
767,1300,663,False
768,1300,663,False
769,1300,663,False
770,1062,708,True
771,816,745,True
772,583,797,True
773,603,820,False
774,603,820,False
775,849,707,True
776,1119,638,True
777,1381,564,True
778,1134,636,True
779,842,672,True
780,571,716,True
781,520,700,True
782,809,661,True
783,761,649,True
784,434,690,False
785,434,690,False
786,1057,606,True
787,731,637,True
788,717,626,True
789,391,655,True
790,384,646,True
791,377,637,True
792,370,631,True
793,365,625,True
794,381,657,True
795,377,651,True
796,371,646,True
797,343,603,True
798,336,598,True
799,638,539,True
800,942,480,True
801,1247,423,True
802,938,456,True
803,914,348,True
804,899,241,True
805,898,235,True
806,612,385,True
807,326,516,True
808,338,508,True
809,353,485,True
810,350,477,True
811,660,471,True
812,648,485,True
813,967,484,True
814,648,497,True
815,649,488,True
816,652,489,True
817,1299,472,False
818,666,466,True
819,371,430,False
820,673,458,True
821,358,459,True
822,397,494,True
823,489,535,False
824,489,535,False
825,489,535,False
826,489,535,False
827,489,535,False
828,489,535,False
829,489,535,False
830,489,535,False
831,674,369,True
832,950,244,True
833,1181,99,True
834,1187,100,True
835,1190,100,True
836,1198,101,True
837,1204,101,True
838,1213,100,True
839,1218,99,False
840,1218,99,False
841,1218,99,False
842,1212,100,True
843,1210,101,True
844,1208,102,False
845,1208,102,False
846,1208,102,False
847,1208,102,False
848,1208,102,False
849,1208,102,False
850,1208,102,False
851,1151,97,True
852,1043,89,False
853,1087,97,True
854,1011,100,False
855,1011,100,False
856,1011,100,False
857,1011,100,False
858,1296,87,True
859,1835,72,False
860,1200,205,True
861,756,443,False
862,1129,268,True
863,798,290,False
864,776,353,True
865,793,302,True
866,802,297,True
867,821,311,True
868,982,358,True
869,1137,412,True
870,1292,435,True
871,1296,436,False
872,1296,436,False
873,1117,513,True
874,1119,515,True
875,936,606,True
876,929,621,True
877,745,714,True
878,922,625,True
879,1099,534,True
880,1273,440,True
881,1094,533,True
882,890,572,True
883,681,670,True
884,647,677,True
885,632,688,True
886,728,477,True
887,756,463,True
888,765,512,True
889,663,671,True
890,634,627,True
891,661,591,True
892,699,606,True
893,732,619,False
894,691,595,True
895,655,559,True
896,618,525,False
897,618,525,False
898,744,386,True
899,1000,100,False
900,1000,100,False
901,1000,100,False
902,926,334,True
903,1100,284,True
904,1142,376,True
905,1127,377,True
906,1116,381,True
907,1107,386,False
908,1099,385,True
909,1083,388,True
910,939,412,True
911,939,417,True
912,941,423,True
913,1073,409,True
914,1074,415,True
915,1074,421,True
916,1077,425,True
917,1079,429,True
918,1081,433,True
919,1082,437,True
920,967,392,True
921,736,298,False
922,736,298,False
923,736,298,False
924,736,298,False
925,736,298,False
926,841,415,True
927,704,506,False
928,717,442,True
929,712,523,False
930,712,523,False
931,658,689,True
932,610,878,True
933,563,1053,True
934,565,1042,True
935,563,1008,False
936,563,1008,False
937,563,1008,False
938,560,971,True
939,552,898,True
940,547,825,False
941,548,815,True
942,552,770,True
943,555,729,True
944,558,712,True
945,558,692,True
946,557,676,True
947,554,657,True
948,553,672,True
949,550,664,True
950,550,656,True
951,545,630,True
952,548,630,True
953,747,565,True
954,950,498,True
955,1150,431,True
956,953,499,True
957,756,597,True
958,559,669,True
959,562,674,True
960,567,654,True
961,572,663,True
962,578,673,True
963,584,683,True
964,781,587,True
965,760,604,True
966,759,597,True
967,564,691,True
968,782,573,True
969,979,475,True
970,957,496,True
971,957,494,True
972,957,491,True
973,1178,372,True
974,1175,371,True
975,1172,370,True
976,1169,368,True
977,1169,366,True
978,1175,364,True
979,969,424,True
980,766,479,True
981,545,534,True
982,519,595,True
983,497,669,True
984,483,668,True
985,485,527,False
986,485,527,False
987,485,527,False
988,720,543,True
989,950,407,True
990,1184,345,True
991,1186,341,False
992,1187,342,True
993,1189,341,True
994,1191,342,True
995,1193,343,True
996,1195,344,True
997,1192,341,True
998,983,486,True
999,980,482,True
1000,783,633,True
1001,674,433,True
1002,357,381,True
1003,238,178,True
1004,355,389,True
1005,474,602,True
1006,481,599,True
1007,255,169,False
1008,255,169,False
1009,255,169,False
1010,255,169,False
1011,255,169,False
1012,255,169,False
1013,255,169,False
1014,698,464,True
1015,914,330,True
1016,1244,411,False
1017,1444,298,True
1018,1844,74,False
1019,1844,74,False
1020,1254,197,True
1021,1259,200,True
1022,1064,316,True
1023,1257,420,True
1024,1249,418,True
1025,1240,415,True
1026,1237,414,True
1027,1237,413,True
1028,1237,411,True
1029,1233,407,True
1030,1231,403,True
1031,986,537,True
1032,499,809,False
1033,499,809,False
1034,499,809,False
1035,499,809,False
1036,499,809,False
1037,499,809,False
1038,499,809,False
1039,499,809,False
1040,499,809,False
1041,499,809,False
1042,499,809,False
1043,660,461,True
1044,250,176,False
1045,250,176,False
1046,250,176,False
1047,667,467,True
1048,919,337,True
1049,1258,423,True
1050,1263,431,True
1051,1264,438,True
1052,1256,446,True
1053,984,569,True
1054,986,579,True
1055,991,584,True
1056,1261,471,True
1057,1255,471,True
1058,955,558,True
1059,653,643,True
1060,356,728,True
1061,352,725,True
1062,348,724,True
1063,649,636,True
1064,1255,460,False
1065,947,544,True
1066,1245,453,True
1067,1239,452,True
1068,1237,455,False
1069,950,574,True
1070,656,692,True
1071,362,808,True
1072,354,804,True
1073,349,804,True
1074,648,687,True
1075,633,654,True
1076,617,622,True
1077,293,709,True
1078,284,712,True
1079,275,714,True
1080,269,714,True
1081,262,715,True
1082,256,715,True
1083,292,733,True
1084,641,675,True
1085,994,619,True
1086,1306,537,True
1087,992,625,True
1088,681,730,True
1089,681,738,True
1090,683,759,True
1091,678,764,True
1092,363,874,True
1093,360,878,True
1094,358,882,False
1095,358,882,False
1096,358,882,False
1097,685,748,True
1098,1339,486,False
1099,1339,486,False
1100,612,517,True
1101,541,284,True
1102,213,392,True
1103,590,520,True
1104,968,649,True
1105,1273,573,True
1106,1271,580,True
1107,1267,588,True
1108,1264,595,True
1109,1262,601,True
1110,1256,611,True
1111,1251,620,True
1112,1249,625,True
1113,1252,625,True
1114,1257,624,True
1115,1259,625,True
1116,1261,627,True
1117,1264,629,True
1118,1269,631,True
1119,1275,633,True
1120,1280,636,True
1121,1308,669,True
1122,1335,705,True
1123,1361,743,True
1124,950,564,True
1125,127,193,False
1126,127,193,False
1127,127,193,False
1128,127,193,False
1129,536,382,True
1130,119,196,True
1131,555,360,True
1132,553,360,True
1133,111,199,False
1134,965,559,True
1135,980,577,True
1136,1437,760,True
1137,1483,747,True
1138,1485,752,True
1139,1485,754,False
1140,1485,754,False
1141,1485,754,False
1142,1023,572,True
1143,562,390,True
1144,101,209,True
1145,103,211,False
1146,103,211,False
1147,103,211,False
1148,103,211,False
1149,103,211,False
1150,103,211,False
1151,103,211,False
1152,388,172,True
1153,960,97,False
1154,960,97,False
1155,960,97,False
1156,431,339,True
1157,517,560,True
1158,359,874,False
1159,317,817,True
1160,360,867,False
1161,357,857,True
1162,364,849,True
1163,378,851,False
1164,318,797,True
1165,222,712,False
1166,710,787,True
1167,1099,770,True
1168,1543,800,True
1169,1553,802,True
1170,1559,805,True
1171,1562,805,True
1172,1562,804,False
1173,1562,804,False
1174,1562,804,False
1175,1562,804,False
1176,1562,804,False
1177,1562,804,False
1178,1562,804,False
1179,1562,804,False
1180,1562,804,False
1181,1562,804,False
1182,1562,804,False
1183,1562,804,False
1184,1562,804,False
1185,1562,804,False
1186,1562,804,False
1187,1562,804,False
1188,1562,804,False
1189,1562,804,False
1190,1562,804,False
1191,1562,804,False
1192,1562,804,False
1193,1562,804,False
1194,1177,813,True
1195,404,828,False
1196,404,828,False
1197,404,828,False
1198,404,828,False
1199,404,828,False
1200,404,828,False
1201,404,828,False
1202,786,832,True
1203,347,806,True
1204,296,773,True
1205,249,729,True
1206,252,731,True
1207,254,733,True
1208,257,734,False
1209,257,734,False
1210,257,734,False
1211,496,521,True
1212,729,309,True
1213,964,97,True
1214,966,97,True
1215,984,97,False
1216,984,97,False
1217,1257,89,True
1218,1827,73,False
1219,1827,73,False
1220,1827,73,False
1221,1282,83,True
1222,1035,80,False
1223,1035,80,False
1224,1035,80,False
1225,1055,314,True
1226,518,542,True
1227,240,768,True
1228,206,748,True
1229,200,739,True
1230,191,746,True
1231,179,763,True
1232,167,784,True
1233,162,792,True
1234,157,808,True
1235,178,831,True
1236,178,848,True
1237,171,852,True
1238,140,852,True
1239,134,856,True
1240,138,882,True
1241,143,904,True
1242,121,897,True
1243,120,880,True
1244,129,916,True
1245,165,983,True
1246,176,1044,True
1247,161,1041,True
1248,168,1043,True
1249,174,1047,True
1250,193,1053,True
1251,184,1010,True
1252,178,966,True
1253,175,929,True
1254,125,925,True
1255,81,912,True
1256,69,927,True
1257,553,906,True
1258,1032,888,True
1259,1153,573,True
1260,1154,562,True
1261,738,635,True
1262,643,974,True
1263,223,1053,True
1264,218,1051,True
1265,207,1049,True
1266,201,1048,True
1267,182,1045,True
1268,173,1055,True
1269,182,1056,True
1270,191,1057,True
1271,202,1050,True
1272,194,1051,True
1273,209,1054,True
1274,210,1022,True
1275,214,986,True
1276,202,958,True
1277,208,960,True
1278,202,963,True
1279,204,951,True
1280,185,903,True
1281,175,853,True
1282,193,822,True
1283,226,824,True
1284,267,836,True
1285,245,804,True
1286,221,775,True
1287,190,736,True
1288,196,724,True
1289,203,715,True
1290,210,711,True
1291,263,748,True
1292,270,738,True
1293,278,726,True
1294,624,672,True
1295,1010,667,True
1296,1386,668,True
1297,1389,685,True
1298,1377,701,True
1299,1376,715,True
1300,1368,723,True
1301,1378,735,True
1302,1057,751,True
1303,730,761,True
1304,404,764,True
1305,735,761,True
1306,1060,761,True
1307,1375,759,True
1308,1390,760,True
1309,1433,765,False
1310,1358,740,True
1311,1344,716,True
1312,1309,682,True
1313,1328,666,True
1314,1349,653,True
1315,1376,641,False
1316,1378,642,True
1317,1404,635,True
1318,1418,635,True
1319,1420,641,True
1320,1419,650,True
1321,1409,664,True
1322,1397,679,True
1323,1393,729,True
1324,1389,740,True
1325,1377,751,True
1326,1360,727,True
1327,1354,735,True
1328,1357,740,True
1329,1361,743,True
1330,1364,746,False
1331,1372,743,True
1332,1381,741,True
1333,1395,738,True
1334,1397,735,True
1335,1404,732,True
1336,1407,729,True
1337,1072,689,True
1338,1074,690,True
1339,1072,690,True
1340,1409,731,True
1341,1407,733,True
1342,1117,743,True
1343,1124,748,True
1344,1130,751,True
1345,1426,746,True
1346,1427,744,False
1347,1427,744,False
1348,1100,738,True
1349,1111,772,True
1350,1459,849,False
1351,1459,849,False
1352,1459,849,False
1353,1459,849,False
1354,1459,849,False
1355,1134,794,True
1356,1485,831,True
1357,1501,836,False
1358,1481,834,True
1359,1482,847,True
1360,1479,852,True
1361,1478,861,True
1362,1472,867,True
1363,1467,866,True
1364,1476,858,True
1365,1472,850,True
1366,1463,852,True
1367,1458,847,True
1368,1453,845,True
1369,1455,836,False
1370,1455,836,False
1371,1137,811,True
1372,1135,792,True
1373,814,766,True
1374,808,767,True
1375,488,757,True
1376,486,758,True
1377,485,761,True
1378,483,764,True
1379,772,789,True
1380,770,790,True
1381,1059,806,True
1382,766,783,True
1383,474,771,False
1384,474,771,False
1385,474,771,False
1386,474,771,False
1387,474,771,False
1388,474,771,False
1389,681,571,True
1390,369,541,True
1391,412,721,False
1392,380,517,True
1393,467,731,True
1394,807,733,True
1395,1117,742,True
1396,1436,727,True
1397,1125,745,True
1398,811,762,True
1399,390,565,True
1400,386,565,True
1401,677,562,True
1402,1098,758,True
1403,1415,740,True
1404,1439,724,True
1405,1437,722,True
1406,1435,719,True
1407,1432,715,True
1408,1428,712,True
1409,1425,710,False
1410,1425,710,False
1411,1425,710,False
1412,1425,710,False
1413,1425,710,False
1414,1425,710,False
1415,1425,710,False
1416,1088,722,True
1417,1084,717,True
1418,746,732,True
1419,1088,713,True
1420,753,738,True
1421,414,771,False
1422,414,771,False
1423,414,771,False
1424,927,547,True
1425,934,184,False
1426,761,382,True
1427,1118,346,True
1428,1303,506,True
1429,1488,664,True
1430,1491,666,True
1431,1492,668,True
1432,1493,670,True
1433,1493,673,True
1434,1154,750,True
1435,815,827,True
1436,477,906,False
1437,807,828,True
1438,1132,755,True
1439,1459,678,True
1440,1458,676,False
1441,1458,676,False
1442,1458,676,False
1443,1458,676,False
1444,1458,676,False
1445,1457,677,True
1446,1460,679,True
1447,1474,684,True
1448,1486,684,True
1449,1496,682,True
1450,1501,678,True
1451,1504,682,True
1452,1512,685,True
1453,1513,689,True
1454,1522,692,True
1455,1529,696,True
1456,1541,698,True
1457,1552,701,True
1458,1564,701,True
1459,1573,703,True
1460,1583,704,True
1461,1592,705,True
1462,1599,705,True
1463,1605,704,True
1464,1610,700,True
1465,1612,701,True
1466,1613,699,True
1467,1611,699,True
1468,1687,489,True
1469,1837,75,False
1470,1837,75,False
1471,1680,464,True
1472,1593,623,False
1473,1593,623,False
1474,1679,441,True
1475,1596,627,True
1476,1597,629,True
1477,1593,628,True
1478,1596,622,True
1479,1598,617,True
1480,1594,624,True
1481,1594,617,True
1482,1591,613,True
1483,1584,599,True
1484,1242,704,True
1485,1229,701,True
1486,1226,700,True
1487,1222,684,True
1488,561,859,False
1489,1217,747,True
1490,1222,749,True
1491,1560,673,True
1492,1561,677,True
1493,1551,742,True
1494,1539,799,True
1495,1553,747,True
1496,1569,694,True
1497,1587,642,True
1498,1589,646,True
1499,1592,648,True
1500,1594,650,True
1501,1596,652,True
1502,1598,654,True
1503,1601,655,True
1504,1602,657,True
1505,1579,708,True
1506,1580,710,True
1507,1582,711,True
1508,1608,663,True
1509,1609,665,True
1510,1606,659,True
1511,1603,654,True
1512,1603,656,True
1513,1607,665,True
1514,1611,676,True
1515,1611,679,True
1516,1607,686,True
1517,1602,691,True
1518,1597,697,True
1519,1596,702,True
1520,1597,702,True
1521,1597,704,True
1522,1597,708,True
1523,1597,720,True
1524,1598,731,False
1525,1598,731,False
1526,1583,765,True
1527,1555,843,False
1528,1555,843,False
1529,1598,796,True
1530,1615,826,True
1531,1646,818,True
1532,1649,820,True
1533,1651,821,False
1534,1651,821,False
1535,1647,820,True
1536,1648,819,True
1537,1649,819,False
1538,1649,819,False
1539,1649,819,False
1540,1649,819,False
1541,1649,819,False
1542,1649,819,False
1543,1649,819,False
1544,1649,819,False
1545,1649,819,False
1546,1649,819,False
1547,1649,819,False
1548,1649,819,False
1549,1280,828,True
1550,913,839,True
1551,545,850,True
1552,543,852,True
1553,542,854,False
1554,542,854,False
1555,542,854,False
1556,542,854,False
1557,543,853,True
1558,546,854,False
1559,546,854,False
1560,546,854,False
1561,546,854,False
1562,546,854,False
1563,546,854,False
1564,546,854,False
1565,546,854,False
1566,546,854,False
1567,546,854,False
1568,546,854,False
1569,546,854,False
1570,546,854,False
1571,891,860,True
1572,1586,873,False
1573,1586,873,False
1574,1586,873,False
1575,1586,873,False
1576,1586,873,False
1577,889,859,True
1578,536,851,False
1579,536,851,False
1580,536,851,False
1581,536,851,False
1582,536,851,False
1583,536,851,False
1584,536,851,False
1585,536,851,False
1586,536,851,False
1587,536,851,False
1588,835,814,True
1589,383,718,False
1590,383,718,False
1591,835,780,True
1592,1242,517,True
1593,1757,61,False
1594,1223,529,True
1595,801,523,True
1596,326,735,True
1597,327,716,True
1598,329,698,False
1599,329,698,False
1600,726,699,True
1601,1122,699,True
1602,1518,696,True
1603,1517,691,True
1604,1136,744,True
1605,375,854,False
1606,750,793,True
1607,272,638,True
1608,174,429,True
1609,79,226,False
1610,79,226,False
1611,170,416,True
1612,260,607,True
1613,750,780,True
1614,1152,762,True
1615,1553,746,True
1616,1556,748,False
1617,1556,748,False
1618,1646,524,True
1619,1830,80,False
1620,1830,80,False
1621,1830,80,False
1622,1645,525,True
1623,1644,525,True
1624,1551,747,True
1625,1550,747,False
1626,1550,747,False
1627,1550,747,False
1628,1550,747,False
1629,1550,747,False
1630,1550,747,False
1631,1550,747,False
1632,1303,562,True
1633,1289,547,True
1634,1277,534,True
1635,1512,707,False
1636,1512,707,False
1637,1512,707,False
1638,1512,707,False
1639,1512,707,False
1640,1512,707,False
1641,1512,707,False
1642,1536,729,True
1643,1561,754,True
1644,1588,780,True
1645,1592,782,True
1646,1594,784,True
1647,1596,784,False
1648,1596,784,False
1649,1596,784,False
1650,1594,785,True
1651,1594,787,True
1652,1594,788,True
1653,1591,788,True
1654,1587,788,False
1655,1587,788,False
1656,1587,788,False
1657,1587,788,False
1658,1587,788,False
1659,1587,788,False
1660,1587,788,False
1661,1587,788,False
1662,1324,588,True
1663,791,187,False
1664,1308,570,True
1665,1295,554,True
1666,1040,573,True
1667,24,242,False
1668,24,242,False
1669,24,242,False
1670,24,242,False
1671,24,242,False
1672,24,242,False
1673,537,405,True
1674,34,236,True
1675,38,234,False
1676,38,234,False
1677,38,234,False
1678,38,234,False
1679,543,400,True
1680,1046,566,True
1681,1550,730,True
1682,1550,728,True
1683,1551,725,True
1684,1550,723,True
1685,1550,721,False
1686,1550,721,False
1687,1550,721,False
1688,1328,515,True
1689,1327,514,True
1690,1326,514,True
1691,1547,721,True
1692,1544,723,True
1693,1540,726,True
1694,1535,728,True
1695,1528,735,True
1696,1525,741,True
1697,1527,742,True
1698,1538,733,True
1699,1573,726,True
1700,1612,724,True
1701,1583,768,True
1702,1563,792,True
1703,1573,787,True
1704,1613,766,True
1705,1590,787,False
1706,1424,531,True
1707,1198,327,True
1708,1003,99,False
1709,1213,322,True
1710,1460,523,True
1711,1710,722,True
1712,1752,696,True
1713,1759,692,True
1714,1748,679,True
1715,1703,722,True
1716,1683,708,True
1717,1659,762,True
1718,1691,698,True
1719,1718,719,True
1720,1772,674,True
1721,1803,690,True
1722,1780,679,True
1723,1757,678,True
1724,1727,683,True
1725,1735,684,True
1726,1618,482,True
1727,1390,74,False
1728,1486,259,True
1729,1513,258,True
1730,1626,462,True
1731,1763,682,True
1732,1753,693,True
1733,1773,701,True
1734,1788,710,True
1735,1784,714,True
1736,1780,717,True
1737,1776,717,True
1738,1775,713,True
1739,1757,701,True
1740,1752,703,True
1741,1744,708,True
1742,1739,707,True
1743,1718,696,True
1744,1697,684,True
1745,1696,697,True
1746,1688,693,True
1747,1699,693,True
1748,1685,672,True
1749,1676,666,True
1750,1652,657,True
1751,1644,656,True
1752,1637,655,True
1753,1620,653,True
1754,1603,651,True
1755,1596,650,True
1756,1595,650,True
1757,1587,665,True
1758,1577,662,True
1759,1568,660,True
1760,1566,642,True
1761,1555,641,True
1762,1542,639,True
1763,1528,638,True
1764,1516,638,True
1765,1495,637,True
1766,1474,638,True
1767,1462,640,True
1768,1461,644,True
1769,1099,651,True
1770,1098,654,True
1771,861,494,True
1772,863,500,True
1773,381,422,True
1774,257,596,True
1775,260,601,True
1776,383,694,True
1777,385,699,True
1778,388,705,True
1779,417,741,True
1780,466,792,True
1781,472,801,True
1782,505,826,True
1783,466,793,True
1784,346,671,True
1785,173,501,True
1786,505,462,True
1787,617,592,True
1788,1068,680,True
1789,1064,676,True
1790,1392,631,True
1791,1016,702,True
1792,1012,701,True
1793,1018,698,True
1794,996,727,True
1795,598,841,True
1796,198,955,True
1797,188,954,True
1798,580,841,True
1799,578,809,True
1800,578,780,True
1801,184,844,True
1802,188,819,True
1803,598,747,True
1804,605,724,True
1805,615,705,True
1806,223,736,True
1807,326,772,True
1808,428,812,True
1809,524,856,True
1810,477,805,True
1811,402,743,True
1812,333,681,True
1813,316,666,False
1814,319,645,True
1815,338,661,True
1816,372,698,True
1817,373,725,True
1818,366,710,True
1819,338,675,True
1820,333,671,True
1821,330,666,True
1822,683,644,True
1823,706,637,True
1824,727,635,True
1825,392,655,True
1826,338,549,True
1827,316,549,True
1828,297,543,True
1829,298,543,True
1830,266,420,True
1831,239,313,True
1832,239,288,True
1833,290,406,True
1834,300,398,True
1835,336,518,True
1836,301,407,True
1837,303,406,True
1838,288,298,True
1839,673,410,True
1840,699,510,True
1841,738,654,True
1842,352,544,True
1843,838,367,True
1844,1820,68,False
1845,847,365,True
1846,904,498,True
1847,776,688,True
1848,791,679,True
1849,774,629,True
1850,399,558,False
1851,432,599,True
1852,409,551,True
1853,417,546,True
1854,382,461,True
1855,346,376,True
1856,310,291,False
1857,657,438,True
1858,1006,585,True
1859,1018,570,True
1860,1041,520,True
1861,709,364,True
1862,714,368,True
1863,357,263,True
1864,356,248,True
1865,349,221,False
1866,350,232,True
1867,703,341,True
1868,1037,477,True
1869,1123,615,True
1870,1121,620,True
1871,790,499,True
1872,708,379,True
1873,366,248,True
1874,383,219,False
1875,383,219,False
1876,378,232,True
1877,726,377,True
1878,1069,537,True
1879,1409,703,True
1880,1413,709,True
1881,1415,711,True
1882,1075,540,True
1883,733,363,True
1884,390,185,False
1885,733,363,True
1886,1076,535,True
1887,1417,709,True
1888,1413,711,True
1889,1072,592,True
1890,738,476,True
1891,409,359,True
1892,422,360,True
1893,434,361,True
1894,447,363,False
1895,447,363,False
1896,745,457,True
1897,1354,646,False
1898,743,502,True
1899,429,498,False
1900,1045,596,True
1901,1046,597,True
1902,1059,581,True
1903,766,517,True
1904,476,452,False
1905,476,452,False
1906,473,455,True
1907,476,457,True
1908,478,456,True
1909,482,449,True
1910,488,443,True
1911,495,438,False
1912,495,438,False
1913,495,438,False
1914,549,460,True
1915,609,482,True
1916,669,509,True
1917,883,572,True
1918,1092,633,True
1919,1296,691,True
1920,1286,694,True
1921,1276,697,True
1922,1255,706,True
1923,1236,714,True
1924,1220,722,True
1925,1209,726,True
1926,1197,733,True
1927,1180,742,True
1928,1168,749,True
1929,1156,757,True
1930,1144,765,True
1931,1131,772,True
1932,1125,775,True
1933,1159,785,True
1934,1154,787,True
1935,1142,789,True
1936,1093,783,True
1937,1068,792,True
1938,1063,819,True
1939,1034,831,True
1940,1021,835,True
1941,996,822,True
1942,995,822,True
1943,954,805,True
1944,945,809,True
1945,932,815,True
1946,962,836,True
1947,954,840,True
1948,946,843,True
1949,941,845,True
1950,938,848,False
1951,931,843,True
1952,922,842,True
1953,916,841,True
1954,920,842,True
1955,913,837,True
1956,910,827,True
1957,968,822,True
1958,975,804,True
1959,977,795,True
1960,919,784,True
1961,926,788,True
1962,935,788,True
1963,935,797,True
1964,937,809,True
1965,946,820,True
1966,962,823,True
1967,965,830,True
1968,961,841,True
1969,958,849,True
1970,965,851,True
1971,973,844,True
1972,968,841,True
1973,957,830,True
1974,980,824,True
1975,1009,821,True
1976,998,790,True
1977,1002,790,True
1978,1004,788,True
1979,1045,826,False
1980,1021,758,True
1981,989,697,True
1982,966,631,True
1983,975,626,True
1984,983,622,True
1985,1001,695,True
1986,1020,768,True
1987,1028,832,True
1988,1036,764,True
1989,1046,700,True
1990,1066,649,True
1991,1078,659,True
1992,1096,674,True
1993,1118,691,True
1994,1100,501,True
1995,954,403,True
1996,975,436,True
1997,980,435,True
1998,1183,579,True
1999,1214,587,True
2000,1307,834,True
2001,1324,837,True
2002,1340,838,True
2003,1351,836,True
2004,1362,832,True
2005,1372,826,True
2006,1378,819,True
2007,1384,811,True
2008,1385,792,True
2009,1385,775,True
2010,1379,760,True
2011,1368,757,True
2012,1356,753,True
2013,1346,750,True
2014,1343,747,True
2015,1340,743,True
2016,1341,740,True
2017,1338,741,True
2018,1337,744,True
2019,1312,758,True
2020,1308,757,True
2021,1308,757,True
2022,1327,747,True
2023,1330,747,True
2024,1333,748,True
2025,1338,754,True
2026,1343,760,True
2027,1348,765,True
2028,1354,764,True
2029,1363,762,True
2030,1374,759,True
2031,1387,753,True
2032,1401,747,True
2033,1416,738,True
2034,1115,730,True
2035,806,730,True
2036,492,734,True
2037,488,740,True
2038,486,742,True
2039,814,716,True
2040,1141,685,True
2041,1467,652,True
2042,1146,674,True
2043,1272,476,True
2044,1267,469,True
2045,1451,625,False
2046,1346,281,True
2047,978,316,True
2048,741,159,False
2049,741,159,False
2050,859,141,True
2051,976,119,True
2052,1091,99,True
2053,1088,97,False
2054,890,314,True
2055,1003,530,True
2056,1122,749,True
2057,1442,753,True
2058,1444,756,True
2059,1444,759,True
2060,1444,761,False
2061,1444,761,False
2062,1094,789,True
2063,740,822,True
2064,384,857,True
2065,722,844,True
2066,688,801,True
2067,1046,767,True
2068,1448,762,False
2069,1045,772,True
2070,1086,799,True
2071,734,813,True
2072,392,803,False
2073,392,803,False
2074,392,803,False
2075,392,803,False
2076,392,803,False
2077,392,803,False
2078,392,803,False
2079,392,803,False
2080,392,803,False
2081,410,601,True
2082,425,395,True
2083,441,192,True
2084,442,194,True
2085,359,380,True
2086,320,609,True
2087,669,808,True
2088,1104,827,True
2089,1496,803,True
2090,1106,832,True
2091,724,863,True
2092,331,888,True
2093,290,845,True
2094,239,795,True
2095,630,770,True
2096,703,577,True
2097,775,385,True
2098,414,174,True
2099,412,176,True
2100,409,177,True
2101,401,186,True
2102,398,187,True
2103,396,187,True
2104,400,181,True
2105,396,193,True
2106,390,216,False
2107,388,208,True
2108,374,225,True
2109,375,216,True
2110,364,215,True
2111,376,201,True
2112,374,201,True
2113,388,190,True
2114,386,191,True
2115,761,395,True
2116,1137,598,True
2117,1515,801,True
2118,1518,801,True
2119,1520,801,True
2120,1139,609,True
2121,376,224,False
2122,376,224,False
2123,750,423,True
2124,359,237,True
2125,349,244,False
2126,349,244,False
2127,349,244,False
2128,737,426,True
2129,1510,793,False
2130,1510,793,False
2131,1510,793,False
2132,1510,793,False
2133,1510,793,False
2134,1510,793,False
2135,739,433,True
2136,741,440,True
2137,355,262,True
2138,344,470,True
2139,327,886,False
2140,332,676,True
2141,317,881,False
2142,317,881,False
2143,317,686,True
2144,308,490,True
2145,543,228,True
2146,784,163,True
2147,780,146,True
2148,288,245,False
2149,501,373,True
2150,218,606,True
2151,180,796,False
2152,180,796,False
2153,225,621,True
2154,266,460,True
2155,303,294,True
2156,296,299,True
2157,290,303,True
2158,286,306,True
2159,238,465,True
2160,191,623,True
2161,145,779,True
2162,202,702,True
2163,216,718,True
2164,222,730,True
2165,170,816,True
2166,161,805,True
2167,174,804,True
2168,187,783,True
2169,192,778,True
2170,194,727,True
2171,197,705,True
2172,198,687,True
2173,188,709,True
2174,180,732,True
